price_usd_normalized,serving_size_g,calories,protein_g,total_fat_g,total_carbs_g,sodium_mg,sugars_g,avg_rating,Non-Veg,Veg,Vegan,budget,mid,premium
5.97,63.0,266.4,0.0,14.5,31.1,581.0,1.7,2,0.0,0.0,1.0,1.0,0.0,0.0
7.76,183.3,160.9,8.1,9.3,44.3,932.9,4.1,3,1.0,0.0,0.0,1.0,0.0,0.0
7.0,204.5,501.6,21.6,24.6,40.4,1157.8,13.3,2,1.0,0.0,0.0,1.0,0.0,0.0
13.09,108.8,559.6,0.7,4.7,69.9,258.4,47.8,2,0.0,1.0,0.0,0.0,1.0,0.0
4.78,131.9,470.9,0.0,26.7,66.2,260.5,39.3,2,0.0,1.0,0.0,1.0,0.0,0.0
9.06,206.9,271.4,17.5,29.2,32.7,883.1,9.4,2,0.0,1.0,0.0,0.0,1.0,0.0
4.27,64.0,413.2,1.9,28.8,34.2,404.9,6.2,2,0.0,1.0,0.0,1.0,0.0,0.0
13.31,326.9,346.7,7.0,15.7,18.2,537.1,5.8,2,0.0,1.0,0.0,0.0,1.0,0.0
8.78,125.8,278.1,4.9,19.4,32.0,53.0,3.7,2,0.0,1.0,0.0,0.0,1.0,0.0
5.86,421.9,182.7,0.0,0.0,62.4,87.8,59.0,3,0.0,1.0,0.0,0.0,1.0,0.0
2.62,374.2,565.8,0.0,8.9,54.0,539.2,4.1,3,0.0,1.0,0.0,1.0,0.0,0.0
14.03,351.8,713.8,31.8,10.9,46.2,769.4,3.6,2,1.0,0.0,0.0,0.0,1.0,0.0
5.15,425.8,143.2,3.3,3.0,46.3,48.2,29.5,3,0.0,0.0,1.0,0.0,1.0,0.0
8.7,134.7,147.8,14.4,5.7,35.8,660.5,6.4,2,1.0,0.0,0.0,1.0,0.0,0.0
31.32,524.5,436.3,0.7,0.0,31.9,67.1,30.305,2,0.0,1.0,0.0,0.0,0.0,1.0
49.29,239.2,383.4,40.3,9.4,45.2,460.3,9.0,2,0.0,1.0,0.0,0.0,0.0,1.0
11.44,365.0,24.8,0.0,3.2,81.5,76.4,51.9,3,0.0,0.0,1.0,0.0,1.0,0.0
3.44,246.9,192.5,17.6,11.3,17.4,530.3,4.4,3,0.0,0.0,1.0,1.0,0.0,0.0
6.16,128.2,353.2,2.4,18.5,40.2,299.2,38.19,2,0.0,1.0,0.0,1.0,0.0,0.0
4.83,185.1,416.3,8.4,15.0,76.2,586.8,0.0,2,0.0,1.0,0.0,1.0,0.0,0.0
4.51,131.3,282.3,2.5,1.9,52.7,470.5,3.9,2,1.0,0.0,0.0,1.0,0.0,0.0
2.37,383.9,157.4,0.0,0.0,79.0,62.4,23.0,1,0.0,0.0,1.0,1.0,0.0,0.0
14.92,108.6,324.0,12.9,11.7,40.3,300.2,37.8,3,1.0,0.0,0.0,0.0,1.0,0.0
43.61,242.9,662.5,19.0,27.5,21.9,955.7,13.3,1,1.0,0.0,0.0,0.0,0.0,1.0
2.58,147.7,170.4,9.6,23.3,78.8,208.7,3.6,1,0.0,1.0,0.0,1.0,0.0,0.0
10.61,112.2,438.6,3.0,2.1,57.2,214.8,51.7,1,0.0,1.0,0.0,0.0,1.0,0.0
12.54,276.9,431.3,0.0,12.8,50.7,761.8,7.6,3,0.0,0.0,1.0,0.0,1.0,0.0
9.77,507.3,68.2,1.5,0.9,22.0,56.8,20.9,3,0.0,1.0,0.0,0.0,1.0,0.0
5.96,156.2,417.9,20.1,36.5,42.4,1140.9,6.2,2,0.0,1.0,0.0,1.0,0.0,0.0
6.94,180.9,246.0,7.0,25.2,53.6,207.3,50.92,3,0.0,1.0,0.0,1.0,0.0,0.0
6.55,280.2,585.6,32.3,25.2,48.4,868.6,4.2,3,1.0,0.0,0.0,1.0,0.0,0.0
8.88,162.9,246.2,15.4,11.8,28.4,788.3,6.3,2,1.0,0.0,0.0,1.0,0.0,0.0
15.91,107.6,559.8,17.3,20.2,33.5,807.0,7.1,3,1.0,0.0,0.0,0.0,1.0,0.0
6.99,455.8,38.2,0.0,0.0,60.0,29.6,57.0,2,0.0,1.0,0.0,0.0,1.0,0.0
12.3,150.9,250.6,19.3,8.4,15.3,581.7,4.5,2,1.0,0.0,0.0,0.0,1.0,0.0
6.39,190.8,646.2,17.1,29.8,35.8,589.7,7.7,1,1.0,0.0,0.0,1.0,0.0,0.0
17.57,215.5,698.8,28.4,41.0,48.9,1125.1,16.9,3,1.0,0.0,0.0,0.0,1.0,0.0
3.12,333.9,52.8,3.6,0.0,55.3,19.6,46.5,3,0.0,0.0,1.0,1.0,0.0,0.0
1.84,291.6,371.3,2.6,1.1,19.1,21.3,18.145,3,0.0,1.0,0.0,1.0,0.0,0.0
51.26,311.8,468.7,22.7,6.6,80.2,821.0,7.3,3,1.0,0.0,0.0,0.0,0.0,1.0
8.18,294.3,664.1,30.7,37.6,53.9,852.8,12.1,3,0.0,1.0,0.0,1.0,0.0,0.0
11.35,383.5,291.7,25.4,18.1,76.5,967.5,8.8,3,1.0,0.0,0.0,0.0,1.0,0.0
3.88,292.3,359.2,0.0,7.9,32.7,329.3,10.1,3,0.0,1.0,0.0,1.0,0.0,0.0
5.67,292.2,381.4,14.4,45.2,72.7,695.8,9.0,2,1.0,0.0,0.0,1.0,0.0,0.0
5.37,228.4,635.1,28.8,25.5,73.1,841.9,12.0,3,0.0,1.0,0.0,1.0,0.0,0.0
5.12,172.0,349.1,18.0,26.9,39.4,757.0,5.6,2,1.0,0.0,0.0,1.0,0.0,0.0
13.19,287.1,40.2,10.7,9.8,12.5,688.7,11.1,2,0.0,1.0,0.0,0.0,1.0,0.0
18.36,153.5,139.1,5.9,9.8,45.9,415.6,5.8,3,0.0,1.0,0.0,0.0,1.0,0.0
3.88,139.4,420.7,1.3,20.3,34.6,493.8,0.2,2,0.0,1.0,0.0,1.0,0.0,0.0
18.7,221.7,490.0,20.7,25.2,54.8,670.7,6.5,2,1.0,0.0,0.0,0.0,1.0,0.0
8.86,205.2,283.7,12.8,14.9,62.2,768.3,5.0,3,1.0,0.0,0.0,1.0,0.0,0.0
3.14,319.6,574.5,30.0,17.3,53.2,805.6,3.4,2,1.0,0.0,0.0,1.0,0.0,0.0
5.18,249.9,83.9,1.3,3.8,48.2,94.2,19.2,3,0.0,1.0,0.0,1.0,0.0,0.0
47.27,159.9,461.8,16.3,13.6,40.7,849.9,6.9,2,0.0,0.0,1.0,0.0,0.0,1.0
46.14,335.5,316.8,21.4,14.2,40.5,577.2,12.6,1,0.0,1.0,0.0,0.0,0.0,1.0
8.26,153.1,294.6,16.4,16.5,36.5,664.9,7.5,2,0.0,1.0,0.0,1.0,0.0,0.0
7.11,190.6,266.9,5.4,18.6,68.4,214.8,41.6,3,0.0,1.0,0.0,1.0,0.0,0.0
8.73,342.9,615.3,20.3,12.0,73.3,678.9,6.6,3,1.0,0.0,0.0,1.0,0.0,0.0
4.79,126.2,228.5,10.4,16.4,33.6,335.0,31.92,2,0.0,1.0,0.0,1.0,0.0,0.0
6.64,337.1,363.2,16.0,3.9,70.1,987.9,4.8,2,0.0,0.0,1.0,1.0,0.0,0.0
13.91,151.0,451.6,0.5,13.5,57.4,97.1,32.3,1,0.0,1.0,0.0,0.0,1.0,0.0
10.61,439.1,407.2,3.6,0.0,87.9,76.0,29.6,2,0.0,1.0,0.0,0.0,1.0,0.0
3.14,59.1,459.3,2.1,8.5,46.4,273.9,41.4,2,0.0,1.0,0.0,1.0,0.0,0.0
4.63,399.9,425.7,0.0,3.2,89.1,62.1,26.0,1,0.0,0.0,1.0,1.0,0.0,0.0
2.64,243.8,553.2,33.3,30.9,49.5,982.8,8.7,3,1.0,0.0,0.0,1.0,0.0,0.0
27.17,104.1,413.9,1.5,8.1,33.5,367.7,3.6,2,0.0,1.0,0.0,0.0,0.0,1.0
7.69,274.4,254.2,0.4,14.0,33.1,601.5,17.0,2,0.0,1.0,0.0,1.0,0.0,0.0
6.51,247.9,445.7,19.9,16.7,32.8,625.1,5.9,3,1.0,0.0,0.0,1.0,0.0,0.0
5.07,141.8,370.0,6.8,24.7,67.2,283.6,36.8,3,0.0,1.0,0.0,1.0,0.0,0.0
16.48,182.0,348.9,6.4,26.7,83.0,229.5,42.2,2,0.0,0.0,1.0,0.0,0.0,1.0
16.69,185.7,590.6,16.1,25.9,47.9,849.0,5.9,3,1.0,0.0,0.0,0.0,1.0,0.0
9.8,365.1,116.5,0.0,0.0,25.9,63.7,24.605,2,0.0,1.0,0.0,0.0,1.0,0.0
46.86,196.5,551.1,35.2,34.2,49.0,1014.7,8.9,3,1.0,0.0,0.0,0.0,0.0,1.0
4.8,100.1,265.0,1.5,21.1,64.9,123.8,45.3,2,0.0,1.0,0.0,1.0,0.0,0.0
7.22,181.6,302.9,13.0,15.8,51.7,662.7,7.4,2,0.0,1.0,0.0,1.0,0.0,0.0
12.94,182.5,482.7,9.7,8.7,58.4,997.3,5.8,2,0.0,0.0,1.0,0.0,1.0,0.0
4.88,157.4,350.2,7.9,13.7,49.2,425.9,5.0,3,0.0,0.0,1.0,1.0,0.0,0.0
6.98,320.2,109.1,15.5,10.4,5.6,360.1,5.319999999999999,2,0.0,1.0,0.0,1.0,0.0,0.0
12.51,230.0,638.1,25.3,17.8,54.2,1304.4,10.2,2,1.0,0.0,0.0,0.0,1.0,0.0
5.22,527.3,356.7,2.9,3.2,74.6,43.0,25.7,2,0.0,0.0,1.0,0.0,1.0,0.0
5.23,157.6,321.0,11.6,9.6,37.5,475.7,6.9,1,0.0,1.0,0.0,1.0,0.0,0.0
2.73,404.1,633.7,29.7,10.1,84.7,366.5,7.1,2,1.0,0.0,0.0,1.0,0.0,0.0
4.04,105.0,366.1,6.1,25.4,77.4,265.9,61.6,2,0.0,1.0,0.0,1.0,0.0,0.0
8.05,473.5,162.2,2.1,0.0,10.9,62.6,10.355,2,0.0,1.0,0.0,0.0,1.0,0.0
5.8,227.5,438.9,18.2,24.1,80.1,803.9,7.0,3,0.0,1.0,0.0,1.0,0.0,0.0
2.51,126.5,249.6,4.1,19.0,43.2,376.9,2.8,2,0.0,0.0,1.0,1.0,0.0,0.0
40.84,202.9,446.1,16.8,19.7,30.9,658.4,13.2,2,1.0,0.0,0.0,0.0,0.0,1.0
6.02,106.7,604.2,21.5,37.9,52.7,1144.8,5.7,2,1.0,0.0,0.0,1.0,0.0,0.0
2.69,54.6,328.2,1.6,9.4,73.8,152.2,38.9,1,0.0,0.0,1.0,1.0,0.0,0.0
2.2,262.6,92.3,11.1,6.8,11.5,325.1,10.925,2,0.0,1.0,0.0,1.0,0.0,0.0
2.39,482.9,30.5,3.4,0.3,68.6,61.9,37.4,2,0.0,1.0,0.0,1.0,0.0,0.0
2.89,125.8,255.0,40.5,25.2,77.3,995.5,8.4,2,1.0,0.0,0.0,1.0,0.0,0.0
6.07,353.5,222.2,13.8,22.8,10.6,550.6,9.8,3,1.0,0.0,0.0,1.0,0.0,0.0
6.43,376.0,315.2,17.1,13.1,33.4,293.8,0.0,2,0.0,0.0,1.0,1.0,0.0,0.0
4.93,230.2,728.0,19.2,13.4,53.5,897.9,6.9,3,1.0,0.0,0.0,1.0,0.0,0.0
50.56,322.7,647.4,37.1,32.5,55.3,737.8,6.3,3,1.0,0.0,0.0,0.0,0.0,1.0
12.1,159.0,348.8,2.4,11.0,40.9,544.8,5.4,3,0.0,1.0,0.0,0.0,1.0,0.0
8.51,271.5,423.8,33.0,43.9,47.3,717.8,8.6,1,1.0,0.0,0.0,1.0,0.0,0.0
4.68,246.0,289.3,16.7,10.1,41.3,840.9,5.7,3,1.0,0.0,0.0,1.0,0.0,0.0
37.79,231.2,610.5,24.6,25.8,58.3,958.8,15.8,2,1.0,0.0,0.0,0.0,0.0,1.0
8.31,224.2,483.7,18.8,17.2,55.2,1073.6,3.6,2,1.0,0.0,0.0,1.0,0.0,0.0
14.63,433.1,515.6,18.4,18.5,88.0,484.9,7.6,1,0.0,1.0,0.0,0.0,1.0,0.0
13.1,105.9,401.5,7.8,16.1,39.1,271.5,0.0,2,1.0,0.0,0.0,0.0,1.0,0.0
10.54,444.5,306.0,1.7,0.0,28.3,45.9,26.885,3,0.0,1.0,0.0,0.0,1.0,0.0
13.11,197.8,669.3,35.1,19.2,68.5,894.3,6.1,3,1.0,0.0,0.0,0.0,1.0,0.0
7.84,289.6,51.6,17.0,6.8,21.3,744.4,4.4,2,0.0,1.0,0.0,1.0,0.0,0.0
9.65,208.3,463.3,5.9,25.5,38.9,1052.0,12.0,3,1.0,0.0,0.0,0.0,1.0,0.0
2.58,342.6,382.8,3.0,1.5,54.7,48.2,31.8,3,0.0,1.0,0.0,1.0,0.0,0.0
1.92,592.6,5.0,1.6,0.3,52.0,65.9,47.7,2,0.0,1.0,0.0,1.0,0.0,0.0
5.69,187.2,415.7,8.0,29.5,46.0,341.3,27.2,2,0.0,1.0,0.0,1.0,0.0,0.0
4.67,50.0,287.8,4.0,8.1,60.0,414.5,2.6,3,0.0,1.0,0.0,1.0,0.0,0.0
4.27,165.4,293.7,5.7,11.2,26.1,521.3,3.0,3,0.0,1.0,0.0,1.0,0.0,0.0
2.41,150.4,230.1,11.6,9.9,33.4,258.0,0.8,2,1.0,0.0,0.0,1.0,0.0,0.0
2.82,336.3,281.1,19.8,12.3,63.1,528.1,8.2,3,0.0,0.0,1.0,1.0,0.0,0.0
10.78,308.2,394.9,0.0,0.0,38.7,0.0,36.765,2,0.0,1.0,0.0,0.0,1.0,0.0
2.62,225.5,799.6,23.3,30.1,58.4,1042.4,14.1,3,1.0,0.0,0.0,1.0,0.0,0.0
4.59,419.5,228.7,0.1,0.0,59.8,28.3,53.2,3,0.0,0.0,1.0,1.0,0.0,0.0
1.85,281.8,5.0,5.8,0.2,40.0,12.6,38.0,2,0.0,1.0,0.0,1.0,0.0,0.0
3.97,129.8,125.1,7.0,10.9,32.0,541.8,9.8,2,0.0,0.0,1.0,1.0,0.0,0.0
4.33,110.2,556.9,31.5,37.0,39.6,859.8,7.2,2,1.0,0.0,0.0,1.0,0.0,0.0
11.31,196.8,368.2,19.9,21.6,38.9,819.5,11.0,3,0.0,1.0,0.0,0.0,1.0,0.0
3.81,503.7,273.5,0.6,4.5,18.6,78.3,17.67,3,0.0,1.0,0.0,1.0,0.0,0.0
5.24,524.2,5.0,0.0,4.9,64.5,57.6,39.8,3,0.0,0.0,1.0,1.0,0.0,0.0
4.62,150.3,328.4,0.0,14.3,23.6,224.9,22.42,3,0.0,1.0,0.0,1.0,0.0,0.0
5.06,541.9,148.2,0.0,2.0,21.8,24.3,20.71,2,0.0,1.0,0.0,0.0,1.0,0.0
10.02,143.2,321.3,29.7,23.0,62.2,771.7,4.5,3,1.0,0.0,0.0,0.0,1.0,0.0
6.28,275.1,554.4,28.5,28.5,39.0,909.7,8.7,3,1.0,0.0,0.0,1.0,0.0,0.0
7.16,156.5,213.5,5.0,7.3,76.3,194.8,55.2,3,0.0,1.0,0.0,1.0,0.0,0.0
12.0,206.9,423.9,16.9,19.7,53.8,662.6,5.1,2,0.0,1.0,0.0,0.0,1.0,0.0
6.13,260.8,299.9,13.8,27.4,31.9,323.8,3.2,3,1.0,0.0,0.0,1.0,0.0,0.0
2.91,189.1,617.6,24.4,23.3,58.2,1059.6,10.8,3,1.0,0.0,0.0,1.0,0.0,0.0
28.34,219.5,470.8,29.3,30.0,49.3,880.3,2.0,2,1.0,0.0,0.0,0.0,0.0,1.0
2.66,148.7,91.2,0.0,9.8,56.2,302.5,1.8,1,0.0,1.0,0.0,1.0,0.0,0.0
26.37,395.3,398.5,1.3,0.0,36.0,106.4,34.2,3,0.0,1.0,0.0,0.0,0.0,1.0
4.29,121.9,424.0,30.8,28.9,53.2,592.9,10.8,2,1.0,0.0,0.0,1.0,0.0,0.0
3.56,120.8,271.8,4.4,20.5,57.5,287.4,2.6,2,0.0,1.0,0.0,1.0,0.0,0.0
4.58,592.2,143.8,2.0,5.5,0.0,30.6,0.0,2,0.0,1.0,0.0,1.0,0.0,0.0
15.33,243.3,127.7,20.3,23.8,26.6,650.2,2.8,3,0.0,0.0,1.0,0.0,1.0,0.0
7.13,124.4,572.1,6.1,6.6,43.9,251.3,27.6,1,0.0,1.0,0.0,1.0,0.0,0.0
18.06,53.1,247.9,5.3,14.1,45.2,388.8,5.5,2,1.0,0.0,0.0,0.0,0.0,1.0
14.56,150.6,363.5,10.2,22.8,46.1,907.1,2.9,2,1.0,0.0,0.0,0.0,1.0,0.0
1.73,209.6,234.6,5.9,19.5,49.1,90.2,2.0,1,0.0,1.0,0.0,1.0,0.0,0.0
4.1,211.0,193.1,10.9,17.4,33.1,520.4,6.4,3,1.0,0.0,0.0,1.0,0.0,0.0
6.28,250.4,567.8,18.0,27.9,65.2,912.0,5.7,2,0.0,1.0,0.0,1.0,0.0,0.0
32.99,390.5,597.6,12.8,13.4,57.3,479.8,3.3,2,0.0,0.0,1.0,0.0,0.0,1.0
7.2,348.4,225.0,12.6,11.1,21.6,320.5,9.5,2,0.0,1.0,0.0,1.0,0.0,0.0
2.64,386.5,14.4,0.0,0.0,83.8,36.7,51.8,1,0.0,1.0,0.0,1.0,0.0,0.0
3.62,206.8,323.7,25.8,9.6,51.0,705.1,7.1,3,0.0,1.0,0.0,1.0,0.0,0.0
2.65,175.5,487.6,37.5,33.9,39.1,898.7,9.3,3,1.0,0.0,0.0,1.0,0.0,0.0
3.42,112.3,357.0,4.0,13.1,29.1,380.7,5.8,2,0.0,1.0,0.0,1.0,0.0,0.0
10.43,160.5,582.7,7.4,15.9,54.6,327.3,47.4,2,1.0,0.0,0.0,0.0,1.0,0.0
2.99,130.7,150.0,0.4,20.5,63.0,191.5,4.1,3,0.0,0.0,1.0,1.0,0.0,0.0
2.0,264.2,253.7,3.3,4.4,10.9,51.9,10.355,1,0.0,0.0,1.0,1.0,0.0,0.0
19.8,50.0,375.3,7.6,3.8,83.8,175.4,50.3,3,0.0,1.0,0.0,0.0,0.0,1.0
7.82,284.3,117.3,22.0,1.4,26.8,508.8,13.4,2,0.0,0.0,1.0,1.0,0.0,0.0
31.29,197.9,548.4,26.0,18.5,63.6,873.0,10.1,2,1.0,0.0,0.0,0.0,0.0,1.0
11.93,104.1,222.1,4.1,3.8,42.7,97.9,5.4,2,0.0,1.0,0.0,0.0,1.0,0.0
3.44,576.0,279.8,2.6,0.0,51.9,15.1,46.4,2,0.0,0.0,1.0,1.0,0.0,0.0
8.92,345.3,5.0,0.0,0.0,47.6,27.7,45.22,1,0.0,1.0,0.0,0.0,1.0,0.0
20.81,347.1,566.9,10.4,20.2,63.8,608.9,8.2,2,1.0,0.0,0.0,0.0,1.0,0.0
20.34,254.7,461.0,18.9,11.5,54.7,825.8,7.4,2,0.0,1.0,0.0,0.0,1.0,0.0
27.42,234.1,350.1,13.8,24.0,50.2,1211.5,8.2,2,0.0,1.0,0.0,0.0,0.0,1.0
8.87,194.0,537.3,20.0,19.9,30.8,693.5,9.0,1,1.0,0.0,0.0,0.0,1.0,0.0
4.33,242.7,297.1,5.0,11.5,36.5,470.4,6.2,3,1.0,0.0,0.0,1.0,0.0,0.0
8.68,74.4,348.9,2.2,13.1,26.9,361.9,6.5,3,0.0,1.0,0.0,0.0,1.0,0.0
7.25,151.9,269.7,8.0,13.8,32.1,587.6,7.6,3,1.0,0.0,0.0,1.0,0.0,0.0
2.92,196.5,298.2,15.8,16.7,41.5,577.3,9.0,2,1.0,0.0,0.0,1.0,0.0,0.0
4.53,301.8,646.0,16.5,27.7,37.9,889.9,4.1,2,0.0,1.0,0.0,1.0,0.0,0.0
7.28,310.3,553.1,9.5,12.8,88.8,774.0,1.5,1,1.0,0.0,0.0,1.0,0.0,0.0
24.41,124.9,188.2,15.5,9.3,27.0,305.1,4.5,3,0.0,1.0,0.0,0.0,0.0,1.0
13.9,137.0,402.7,10.2,15.6,45.0,642.3,5.5,2,0.0,1.0,0.0,0.0,1.0,0.0
5.71,209.0,640.6,26.2,33.2,67.1,872.2,8.3,2,1.0,0.0,0.0,1.0,0.0,0.0
10.37,101.2,144.3,3.5,5.1,59.6,283.9,0.0,3,0.0,0.0,1.0,0.0,1.0,0.0
12.15,242.4,559.2,37.9,35.6,59.7,1069.5,8.9,2,1.0,0.0,0.0,0.0,1.0,0.0
9.35,335.9,291.9,8.0,18.4,30.5,504.4,8.5,2,0.0,1.0,0.0,0.0,1.0,0.0
29.78,100.3,328.1,3.3,14.8,33.6,347.1,3.9,2,0.0,1.0,0.0,0.0,0.0,1.0
17.79,243.2,514.1,12.8,15.9,45.2,790.3,7.3,2,0.0,1.0,0.0,0.0,1.0,0.0
2.62,105.2,521.8,4.9,9.1,37.5,258.3,13.0,2,1.0,0.0,0.0,1.0,0.0,0.0
7.92,184.1,374.9,34.9,11.0,42.5,921.2,4.2,2,1.0,0.0,0.0,1.0,0.0,0.0
14.33,347.1,266.9,18.3,2.4,31.4,346.0,5.9,3,1.0,0.0,0.0,0.0,1.0,0.0
4.48,234.0,422.5,26.1,29.9,60.6,1083.6,9.9,3,0.0,0.0,1.0,1.0,0.0,0.0
6.58,394.1,333.6,18.2,12.3,37.0,988.0,10.4,2,1.0,0.0,0.0,1.0,0.0,0.0
4.93,274.8,221.2,0.0,15.3,29.9,612.9,10.7,1,1.0,0.0,0.0,1.0,0.0,0.0
3.73,442.6,239.9,2.7,8.4,39.8,41.1,15.5,3,0.0,1.0,0.0,1.0,0.0,0.0
12.68,453.0,334.7,2.5,4.5,13.6,98.6,12.92,3,0.0,1.0,0.0,0.0,0.0,1.0
15.38,195.8,649.4,29.8,27.8,47.5,298.6,7.6,1,1.0,0.0,0.0,0.0,1.0,0.0
19.38,128.1,220.6,7.0,10.8,38.3,621.7,5.2,2,0.0,1.0,0.0,0.0,1.0,0.0
4.59,73.8,243.1,1.9,16.4,21.7,262.8,2.8,3,0.0,1.0,0.0,1.0,0.0,0.0
3.13,169.9,288.3,11.5,13.5,39.9,761.5,6.2,3,0.0,1.0,0.0,1.0,0.0,0.0
2.72,552.1,51.0,3.3,5.9,45.2,75.0,42.94,3,0.0,1.0,0.0,1.0,0.0,0.0
14.44,200.2,778.5,10.8,24.1,50.2,910.5,5.0,3,0.0,1.0,0.0,0.0,1.0,0.0
8.66,220.7,676.0,33.8,20.9,61.3,683.9,13.3,3,1.0,0.0,0.0,1.0,0.0,0.0
5.87,156.2,392.0,5.7,8.1,16.7,699.2,6.6,3,0.0,1.0,0.0,1.0,0.0,0.0
2.74,275.3,200.2,3.8,3.3,42.1,474.6,11.0,3,0.0,1.0,0.0,1.0,0.0,0.0
7.22,313.1,295.2,14.5,9.8,0.0,737.4,0.0,2,0.0,1.0,0.0,1.0,0.0,0.0
15.21,148.0,503.4,27.0,35.1,46.3,968.9,12.0,2,1.0,0.0,0.0,0.0,1.0,0.0
6.29,272.5,414.7,9.5,5.5,27.0,335.8,8.1,2,0.0,1.0,0.0,1.0,0.0,0.0
3.32,162.8,153.3,12.9,15.4,39.0,764.9,2.7,3,0.0,1.0,0.0,1.0,0.0,0.0
4.56,96.2,338.1,6.3,4.2,34.5,322.8,4.3,2,0.0,1.0,0.0,1.0,0.0,0.0
15.84,212.7,648.5,19.5,28.2,41.1,1373.3,13.4,3,1.0,0.0,0.0,0.0,1.0,0.0
2.97,166.8,616.0,26.2,30.8,57.7,941.6,7.7,1,1.0,0.0,0.0,1.0,0.0,0.0
25.52,287.9,321.6,12.6,15.9,64.2,960.4,7.5,1,1.0,0.0,0.0,0.0,0.0,1.0
20.68,257.6,516.9,28.3,11.4,43.6,981.9,8.6,1,1.0,0.0,0.0,0.0,1.0,0.0
13.25,164.5,315.4,8.8,9.1,44.9,555.8,4.9,2,0.0,0.0,1.0,0.0,1.0,0.0
5.09,118.5,274.9,1.3,20.1,34.4,433.5,3.0,2,1.0,0.0,0.0,1.0,0.0,0.0
8.39,246.5,607.4,22.2,22.0,45.2,890.5,9.6,3,0.0,1.0,0.0,1.0,0.0,0.0
8.48,199.0,667.1,38.3,29.6,73.4,958.7,13.0,3,1.0,0.0,0.0,1.0,0.0,0.0
6.36,291.4,423.8,19.7,17.3,46.3,536.2,6.9,3,0.0,1.0,0.0,1.0,0.0,0.0
13.56,215.8,358.7,19.0,15.8,35.1,538.5,6.1,3,0.0,0.0,1.0,0.0,1.0,0.0
1.81,84.9,158.0,10.1,12.7,39.4,584.9,1.4,3,0.0,1.0,0.0,1.0,0.0,0.0
3.42,539.5,138.8,0.0,1.2,31.6,62.6,30.02,1,0.0,1.0,0.0,1.0,0.0,0.0
15.72,171.9,433.9,0.0,13.2,92.2,167.6,38.8,3,0.0,1.0,0.0,0.0,1.0,0.0
16.6,128.5,363.4,12.4,6.9,31.2,473.0,4.0,2,1.0,0.0,0.0,0.0,1.0,0.0
7.51,237.0,391.0,25.5,12.9,41.8,932.7,11.3,2,1.0,0.0,0.0,1.0,0.0,0.0
6.77,321.7,142.9,6.5,12.8,20.9,516.8,10.0,3,1.0,0.0,0.0,1.0,0.0,0.0
2.45,309.6,261.2,6.3,5.5,15.2,404.0,5.8,2,0.0,1.0,0.0,1.0,0.0,0.0
30.15,362.6,325.2,0.6,0.7,37.8,26.3,35.91,3,0.0,1.0,0.0,0.0,0.0,1.0
4.68,189.0,298.1,15.0,9.4,45.8,649.9,5.5,3,0.0,1.0,0.0,1.0,0.0,0.0
18.83,178.1,328.3,13.6,12.0,49.5,791.8,4.3,2,1.0,0.0,0.0,0.0,1.0,0.0
11.63,158.5,349.0,9.5,18.0,60.9,101.5,43.7,3,1.0,0.0,0.0,0.0,1.0,0.0
5.61,121.3,187.6,5.1,11.7,78.4,280.1,58.3,2,0.0,1.0,0.0,1.0,0.0,0.0
12.76,291.3,206.4,15.5,15.6,24.2,812.6,13.7,3,0.0,1.0,0.0,0.0,1.0,0.0
6.22,248.1,680.6,13.6,32.0,64.1,1256.0,7.5,2,1.0,0.0,0.0,1.0,0.0,0.0
2.51,276.3,219.7,8.0,9.0,28.3,394.0,8.6,1,1.0,0.0,0.0,1.0,0.0,0.0
4.34,228.7,441.6,24.0,32.3,42.4,965.5,12.7,2,1.0,0.0,0.0,1.0,0.0,0.0
9.38,146.1,250.3,7.3,11.8,52.0,871.7,5.7,3,0.0,1.0,0.0,1.0,0.0,0.0
5.66,183.4,473.1,2.7,4.9,81.0,377.4,57.5,2,0.0,1.0,0.0,1.0,0.0,0.0
7.96,231.8,193.5,14.0,12.8,40.1,749.6,5.6,2,0.0,1.0,0.0,1.0,0.0,0.0
4.47,163.5,335.3,13.5,6.6,37.4,375.0,5.8,2,0.0,1.0,0.0,1.0,0.0,0.0
4.43,213.6,396.7,14.0,12.2,55.2,659.3,9.3,1,0.0,1.0,0.0,1.0,0.0,0.0
11.15,203.8,368.9,17.9,7.5,28.5,829.9,13.8,3,1.0,0.0,0.0,0.0,1.0,0.0
19.48,181.2,399.7,15.4,17.6,39.6,384.3,3.3,3,1.0,0.0,0.0,0.0,1.0,0.0
5.19,335.1,50.3,0.0,6.1,85.5,79.1,34.6,3,0.0,0.0,1.0,1.0,0.0,0.0
4.01,438.0,125.4,2.8,2.6,30.5,39.1,19.5,3,0.0,0.0,1.0,1.0,0.0,0.0
5.81,291.7,381.1,17.1,9.9,31.8,397.8,2.5,2,0.0,1.0,0.0,1.0,0.0,0.0
18.17,297.6,176.3,30.9,22.7,12.9,531.5,5.6,1,1.0,0.0,0.0,0.0,1.0,0.0
7.9,350.0,5.0,0.3,0.0,40.1,86.6,23.3,1,0.0,0.0,1.0,0.0,1.0,0.0
6.84,207.3,615.3,32.7,28.3,56.5,798.4,7.9,2,1.0,0.0,0.0,1.0,0.0,0.0
8.83,200.8,634.5,19.6,29.6,54.7,950.1,6.3,3,1.0,0.0,0.0,1.0,0.0,0.0
4.09,451.4,242.6,0.0,1.6,16.8,13.9,15.96,1,0.0,1.0,0.0,1.0,0.0,0.0
4.07,140.5,398.4,7.6,16.6,32.7,934.4,4.1,3,1.0,0.0,0.0,1.0,0.0,0.0
3.26,225.9,627.8,30.4,23.0,77.0,970.8,10.9,3,1.0,0.0,0.0,1.0,0.0,0.0
2.56,253.8,624.3,35.6,32.1,63.9,966.0,13.5,2,1.0,0.0,0.0,1.0,0.0,0.0
4.2,125.1,470.2,4.3,15.6,86.4,103.3,44.6,2,0.0,1.0,0.0,1.0,0.0,0.0
7.44,232.2,386.3,11.5,9.9,26.4,391.4,7.9,2,1.0,0.0,0.0,1.0,0.0,0.0
3.9,74.9,379.0,2.0,4.6,19.8,622.5,2.7,3,0.0,1.0,0.0,1.0,0.0,0.0
9.05,320.8,198.4,12.7,14.1,17.2,725.6,9.3,3,0.0,1.0,0.0,0.0,1.0,0.0
20.68,145.6,368.5,14.6,10.6,41.4,738.6,2.3,2,0.0,1.0,0.0,0.0,1.0,0.0
6.01,147.2,300.5,9.5,9.9,31.1,574.9,5.2,2,0.0,1.0,0.0,1.0,0.0,0.0
7.72,215.4,520.9,14.9,23.4,38.9,997.1,7.4,2,0.0,0.0,1.0,1.0,0.0,0.0
20.26,196.1,521.1,34.7,21.0,34.0,988.9,8.9,2,1.0,0.0,0.0,0.0,1.0,0.0
8.0,273.6,495.0,24.3,1.0,31.0,711.9,7.2,2,1.0,0.0,0.0,1.0,0.0,0.0
5.91,202.9,605.2,25.8,32.7,57.8,1229.9,5.7,3,1.0,0.0,0.0,1.0,0.0,0.0
12.71,250.7,645.6,24.8,25.8,61.5,660.9,13.5,3,1.0,0.0,0.0,0.0,1.0,0.0
8.18,291.0,592.2,19.5,30.0,22.5,802.4,9.8,2,1.0,0.0,0.0,1.0,0.0,0.0
6.75,216.2,631.6,18.2,19.2,61.8,688.7,9.8,2,0.0,1.0,0.0,1.0,0.0,0.0
10.61,219.0,303.2,3.2,3.7,12.7,100.9,12.065,2,0.0,1.0,0.0,0.0,1.0,0.0
20.11,246.6,479.8,21.1,26.2,70.6,910.5,9.2,2,0.0,1.0,0.0,0.0,1.0,0.0
13.0,196.7,577.2,14.1,24.9,50.1,920.6,12.9,2,0.0,1.0,0.0,0.0,1.0,0.0
3.24,492.6,13.3,4.0,0.4,30.8,60.7,29.26,1,0.0,1.0,0.0,1.0,0.0,0.0
8.1,234.7,508.3,20.7,20.0,33.8,1063.6,7.1,2,0.0,1.0,0.0,1.0,0.0,0.0
4.23,305.1,542.8,25.9,42.7,31.8,665.6,11.9,3,1.0,0.0,0.0,1.0,0.0,0.0
5.65,145.1,537.4,0.1,13.8,26.6,374.1,1.8,2,0.0,1.0,0.0,1.0,0.0,0.0
8.09,437.9,473.4,31.5,13.6,84.7,945.3,7.8,2,1.0,0.0,0.0,1.0,0.0,0.0
3.51,131.3,305.3,6.1,8.5,36.8,374.4,4.7,2,0.0,1.0,0.0,1.0,0.0,0.0
3.61,466.9,5.0,2.6,0.0,38.7,44.5,36.765,3,0.0,1.0,0.0,1.0,0.0,0.0
17.76,191.6,410.8,34.7,9.6,43.0,810.2,3.6,2,1.0,0.0,0.0,0.0,1.0,0.0
4.44,243.4,467.5,31.4,25.2,39.5,1320.3,4.9,2,1.0,0.0,0.0,1.0,0.0,0.0
9.75,312.1,383.4,19.0,5.3,57.9,915.4,9.4,2,0.0,1.0,0.0,0.0,1.0,0.0
29.72,421.7,426.5,1.9,0.4,35.7,0.0,29.5,2,0.0,1.0,0.0,0.0,0.0,1.0
4.9,203.6,665.9,24.4,28.2,49.7,843.8,7.7,2,1.0,0.0,0.0,1.0,0.0,0.0
19.16,146.5,530.4,16.9,23.0,40.0,597.4,5.8,3,1.0,0.0,0.0,0.0,1.0,0.0
6.58,378.6,127.3,6.8,9.7,22.2,218.8,9.1,3,0.0,0.0,1.0,1.0,0.0,0.0
11.65,406.1,135.5,1.9,4.3,51.2,38.6,48.64,2,0.0,0.0,1.0,0.0,1.0,0.0
14.61,460.8,313.1,13.8,22.0,20.5,672.5,4.9,2,1.0,0.0,0.0,0.0,1.0,0.0
54.38,177.4,361.2,13.2,10.7,31.5,677.9,8.6,2,1.0,0.0,0.0,0.0,0.0,1.0
4.3,246.6,460.0,6.0,29.5,58.1,692.5,6.2,2,0.0,1.0,0.0,1.0,0.0,0.0
3.04,331.7,304.5,8.0,9.5,27.9,469.6,7.5,2,1.0,0.0,0.0,1.0,0.0,0.0
6.94,458.6,321.0,0.6,5.1,34.9,53.2,31.2,2,0.0,1.0,0.0,0.0,1.0,0.0
2.9,220.1,285.6,8.1,16.5,50.9,35.1,3.1,3,0.0,1.0,0.0,1.0,0.0,0.0
3.84,129.7,248.1,8.8,8.0,29.2,835.9,1.5,2,1.0,0.0,0.0,1.0,0.0,0.0
2.88,145.0,274.7,4.6,8.1,42.7,678.7,3.4,2,1.0,0.0,0.0,1.0,0.0,0.0
4.86,172.0,379.2,24.0,12.9,46.4,1112.5,3.7,3,1.0,0.0,0.0,1.0,0.0,0.0
10.11,304.2,178.6,2.2,2.1,70.1,26.0,27.1,3,0.0,1.0,0.0,0.0,1.0,0.0
8.42,215.8,363.0,15.6,17.2,72.1,603.1,11.1,2,0.0,0.0,1.0,1.0,0.0,0.0
10.65,253.9,343.7,4.7,21.1,18.9,381.4,2.6,3,0.0,1.0,0.0,0.0,1.0,0.0
15.42,284.7,691.4,32.8,27.3,46.8,726.3,7.8,3,0.0,1.0,0.0,0.0,1.0,0.0
9.69,433.4,358.4,0.0,4.3,28.0,14.3,26.6,1,0.0,1.0,0.0,0.0,1.0,0.0
6.01,233.0,782.7,34.1,24.8,39.0,1046.0,8.4,3,1.0,0.0,0.0,1.0,0.0,0.0
20.48,397.7,405.6,34.3,14.0,97.4,692.0,7.1,1,0.0,1.0,0.0,0.0,1.0,0.0
6.51,101.8,445.5,2.0,28.9,76.0,255.9,50.3,3,0.0,1.0,0.0,1.0,0.0,0.0
15.57,205.0,601.3,22.6,20.5,40.3,863.6,11.4,1,1.0,0.0,0.0,0.0,1.0,0.0
8.58,239.2,572.0,23.5,30.9,31.6,1129.2,2.8,2,1.0,0.0,0.0,1.0,0.0,0.0
15.98,206.8,360.3,34.8,20.2,39.5,888.4,14.5,3,1.0,0.0,0.0,0.0,1.0,0.0
5.11,401.2,123.0,3.2,2.2,46.8,0.0,44.46,2,0.0,1.0,0.0,1.0,0.0,0.0
2.95,251.4,517.7,15.7,16.7,34.9,1055.3,6.7,2,1.0,0.0,0.0,1.0,0.0,0.0
5.92,504.5,110.3,2.6,0.0,53.0,45.1,40.5,3,0.0,1.0,0.0,0.0,1.0,0.0
9.39,364.7,439.7,11.9,5.4,49.8,1254.8,9.9,2,1.0,0.0,0.0,0.0,1.0,0.0
5.11,183.6,107.8,11.4,5.6,28.3,675.8,8.2,3,0.0,0.0,1.0,1.0,0.0,0.0
2.92,139.7,130.4,15.9,8.2,59.5,710.9,9.2,3,0.0,0.0,1.0,1.0,0.0,0.0
5.66,188.2,326.6,7.5,14.1,30.1,572.8,2.4,1,0.0,1.0,0.0,1.0,0.0,0.0
14.76,112.5,332.4,9.9,17.3,33.6,542.9,4.6,3,1.0,0.0,0.0,0.0,1.0,0.0
16.21,166.7,489.9,2.6,12.9,32.0,247.3,30.4,2,0.0,1.0,0.0,0.0,1.0,0.0
12.2,287.6,721.5,20.7,20.1,65.1,595.1,10.1,3,1.0,0.0,0.0,0.0,1.0,0.0
7.03,225.1,101.6,8.9,9.5,25.6,486.2,1.9,2,0.0,1.0,0.0,1.0,0.0,0.0
5.71,112.1,494.5,4.7,24.2,59.9,194.1,56.905,3,1.0,0.0,0.0,1.0,0.0,0.0
22.04,173.0,181.2,1.3,22.2,48.6,645.8,3.8,2,0.0,1.0,0.0,0.0,0.0,1.0
7.15,201.9,424.2,19.8,24.8,50.1,717.9,11.6,2,0.0,1.0,0.0,1.0,0.0,0.0
14.02,280.0,628.1,38.8,23.6,42.4,750.8,3.4,3,1.0,0.0,0.0,0.0,1.0,0.0
12.66,155.5,366.6,3.7,24.1,35.7,117.7,7.0,2,0.0,1.0,0.0,0.0,1.0,0.0
5.61,141.5,293.3,8.6,7.5,36.7,638.3,0.9,3,0.0,1.0,0.0,1.0,0.0,0.0
18.83,151.3,263.7,7.9,15.7,40.8,658.3,1.0,3,1.0,0.0,0.0,0.0,1.0,0.0
5.7,288.8,382.6,23.0,22.2,33.7,1138.3,10.1,3,1.0,0.0,0.0,1.0,0.0,0.0
6.21,161.1,409.5,3.0,16.3,51.2,174.5,3.7,2,0.0,1.0,0.0,1.0,0.0,0.0
7.2,246.7,75.9,9.9,16.9,16.7,675.0,10.9,2,0.0,1.0,0.0,1.0,0.0,0.0
4.73,189.7,256.3,0.2,3.7,14.5,89.2,13.775,1,0.0,1.0,0.0,1.0,0.0,0.0
18.05,260.7,469.1,21.4,21.5,54.2,786.9,4.6,3,0.0,1.0,0.0,0.0,1.0,0.0
3.81,165.7,289.9,11.9,5.5,37.9,765.6,4.0,3,1.0,0.0,0.0,1.0,0.0,0.0
6.57,143.0,173.1,6.4,20.1,80.4,287.1,33.2,2,0.0,1.0,0.0,1.0,0.0,0.0
4.33,372.4,634.7,17.1,7.7,79.9,669.6,14.4,2,0.0,1.0,0.0,1.0,0.0,0.0
7.78,335.3,710.8,37.3,16.6,42.1,568.7,6.5,3,1.0,0.0,0.0,1.0,0.0,0.0
14.92,177.9,331.8,19.9,13.6,53.6,805.6,7.4,3,0.0,1.0,0.0,0.0,1.0,0.0
2.69,216.9,538.9,25.3,34.0,37.0,818.7,10.1,2,1.0,0.0,0.0,1.0,0.0,0.0
3.71,239.3,497.6,22.9,10.5,36.3,895.1,7.7,2,1.0,0.0,0.0,1.0,0.0,0.0
2.7,366.2,658.1,31.4,13.2,64.9,734.4,9.8,2,1.0,0.0,0.0,1.0,0.0,0.0
4.38,154.5,256.2,3.8,13.5,42.5,664.3,2.2,2,0.0,1.0,0.0,1.0,0.0,0.0
4.57,119.0,423.0,16.2,15.3,34.3,796.1,0.0,2,1.0,0.0,0.0,1.0,0.0,0.0
3.43,223.4,577.1,9.9,26.0,58.6,1011.2,12.0,3,0.0,0.0,1.0,1.0,0.0,0.0
9.42,156.8,253.1,4.1,7.0,25.0,427.9,7.9,2,0.0,1.0,0.0,0.0,1.0,0.0
17.54,227.4,658.6,12.8,22.6,36.4,779.0,10.2,3,0.0,1.0,0.0,0.0,0.0,1.0
2.56,264.7,658.6,19.2,28.9,40.3,919.1,16.8,2,0.0,1.0,0.0,1.0,0.0,0.0
9.01,211.0,671.6,31.0,33.8,43.3,632.8,6.9,2,1.0,0.0,0.0,1.0,0.0,0.0
4.54,321.1,172.6,6.4,1.0,39.5,12.5,37.525,3,0.0,1.0,0.0,1.0,0.0,0.0
4.08,410.1,229.7,1.9,0.5,53.8,66.1,51.0,2,0.0,1.0,0.0,1.0,0.0,0.0
11.78,451.0,306.0,0.8,1.0,43.4,98.3,41.23,1,0.0,1.0,0.0,0.0,1.0,0.0
21.28,348.2,464.0,28.6,17.9,83.5,906.9,6.0,2,1.0,0.0,0.0,0.0,1.0,0.0
4.76,123.1,331.6,14.2,12.4,25.9,607.9,4.6,3,1.0,0.0,0.0,1.0,0.0,0.0
17.29,201.6,502.3,14.9,16.4,48.6,198.0,8.9,2,0.0,1.0,0.0,0.0,1.0,0.0
4.46,269.7,450.6,33.8,17.2,69.6,893.3,2.7,3,1.0,0.0,0.0,1.0,0.0,0.0
2.6,499.0,156.8,1.4,0.0,16.3,54.6,15.485,2,0.0,1.0,0.0,1.0,0.0,0.0
6.0,178.0,514.6,22.9,20.8,74.8,723.4,12.0,2,1.0,0.0,0.0,1.0,0.0,0.0
21.86,155.6,332.4,14.0,10.3,31.0,665.5,4.0,2,0.0,1.0,0.0,0.0,1.0,0.0
7.7,295.4,215.4,11.2,20.8,9.9,364.9,9.405,1,1.0,0.0,0.0,1.0,0.0,0.0
12.2,472.4,160.6,0.4,2.4,66.4,54.1,29.8,3,0.0,1.0,0.0,0.0,1.0,0.0
3.81,260.9,5.0,0.6,1.4,83.0,52.7,12.5,3,0.0,1.0,0.0,1.0,0.0,0.0
6.52,223.4,570.4,19.7,43.3,52.0,1087.3,7.8,2,1.0,0.0,0.0,1.0,0.0,0.0
6.25,97.3,444.6,2.4,19.2,28.3,278.2,1.7,3,0.0,1.0,0.0,1.0,0.0,0.0
9.0,252.8,540.3,16.2,23.3,58.1,857.3,10.8,3,1.0,0.0,0.0,0.0,1.0,0.0
2.38,275.1,198.6,4.2,12.8,13.4,589.2,8.9,2,0.0,0.0,1.0,1.0,0.0,0.0
6.93,211.7,479.0,20.2,19.9,68.3,873.5,4.8,2,1.0,0.0,0.0,1.0,0.0,0.0
4.62,192.9,650.9,31.9,16.2,42.2,568.4,10.7,2,1.0,0.0,0.0,1.0,0.0,0.0
8.65,179.7,231.6,3.2,7.0,38.0,460.7,3.6,3,0.0,1.0,0.0,0.0,1.0,0.0
5.29,430.5,127.0,1.4,0.0,65.1,104.9,61.84499999999999,3,0.0,0.0,1.0,1.0,0.0,0.0
7.09,311.6,435.8,13.5,19.0,68.4,616.2,11.1,2,0.0,0.0,1.0,1.0,0.0,0.0
5.51,204.4,113.4,12.5,10.5,37.3,0.0,8.6,2,0.0,1.0,0.0,1.0,0.0,0.0
13.44,237.0,608.7,29.0,23.7,50.8,1192.4,10.7,2,1.0,0.0,0.0,0.0,1.0,0.0
11.21,157.9,265.0,9.9,4.9,31.9,510.7,3.5,3,0.0,1.0,0.0,0.0,1.0,0.0
5.52,379.1,57.5,0.0,6.3,5.2,57.7,4.94,2,0.0,0.0,1.0,0.0,1.0,0.0
4.33,550.2,79.5,5.4,0.0,16.5,67.6,15.675,2,0.0,1.0,0.0,1.0,0.0,0.0
12.55,375.1,336.0,25.9,11.3,80.5,667.0,10.3,1,0.0,1.0,0.0,0.0,1.0,0.0
2.85,451.7,69.9,0.4,1.8,36.4,37.2,34.58,3,0.0,1.0,0.0,1.0,0.0,0.0
39.53,331.9,477.8,32.1,7.5,48.2,632.6,1.0,1,0.0,1.0,0.0,0.0,0.0,1.0
13.69,118.1,129.3,9.9,5.8,78.9,193.9,46.6,1,1.0,0.0,0.0,0.0,1.0,0.0
35.07,230.0,189.0,0.7,13.0,24.1,536.7,8.4,2,0.0,1.0,0.0,0.0,0.0,1.0
30.49,231.0,652.9,24.2,28.2,48.3,944.6,8.8,3,1.0,0.0,0.0,0.0,0.0,1.0
2.98,222.8,637.0,32.0,36.6,40.1,942.5,11.0,2,1.0,0.0,0.0,1.0,0.0,0.0
2.19,136.0,468.0,3.9,19.8,65.3,393.6,0.0,2,1.0,0.0,0.0,1.0,0.0,0.0
13.05,165.9,621.0,15.9,48.7,35.6,904.9,13.5,3,1.0,0.0,0.0,0.0,1.0,0.0
2.13,391.2,234.9,2.4,5.7,65.2,47.9,58.6,3,0.0,0.0,1.0,1.0,0.0,0.0
19.3,292.3,211.4,3.4,14.8,18.3,676.7,10.5,2,0.0,0.0,1.0,0.0,0.0,1.0
3.08,158.7,305.4,11.5,15.8,25.1,357.4,2.5,3,0.0,1.0,0.0,1.0,0.0,0.0
5.13,277.5,594.4,35.1,29.6,66.6,1209.3,6.2,1,1.0,0.0,0.0,1.0,0.0,0.0
6.07,159.7,502.8,17.1,13.1,62.0,692.0,9.2,2,1.0,0.0,0.0,1.0,0.0,0.0
5.5,184.5,275.5,13.0,18.3,34.7,762.0,4.7,2,1.0,0.0,0.0,1.0,0.0,0.0
6.03,297.1,290.9,4.2,6.7,18.3,329.8,1.4,2,0.0,1.0,0.0,1.0,0.0,0.0
9.56,238.6,586.2,24.2,27.0,63.9,1043.8,9.4,2,1.0,0.0,0.0,0.0,1.0,0.0
16.9,170.4,569.2,21.3,15.5,37.7,720.0,5.4,1,0.0,0.0,1.0,0.0,1.0,0.0
8.66,260.5,546.6,18.1,10.2,22.8,1066.6,7.6,3,1.0,0.0,0.0,0.0,1.0,0.0
4.07,546.4,5.0,4.8,6.8,71.4,64.9,46.9,2,0.0,1.0,0.0,1.0,0.0,0.0
8.06,140.6,413.0,12.6,11.9,25.9,798.2,7.3,2,1.0,0.0,0.0,0.0,1.0,0.0
10.98,185.3,405.0,5.2,6.9,65.5,298.8,42.6,3,0.0,0.0,1.0,0.0,1.0,0.0
6.67,262.7,333.7,18.1,2.0,11.2,226.2,8.3,2,0.0,1.0,0.0,1.0,0.0,0.0
2.49,225.9,415.3,28.7,25.0,61.3,793.1,15.9,2,0.0,0.0,1.0,1.0,0.0,0.0
5.46,178.8,334.1,18.2,2.4,47.8,858.6,7.2,3,1.0,0.0,0.0,1.0,0.0,0.0
4.32,339.0,392.1,4.3,18.0,77.7,736.7,1.5,2,0.0,1.0,0.0,1.0,0.0,0.0
10.35,445.2,335.1,3.8,1.4,0.0,0.0,0.0,3,0.0,1.0,0.0,0.0,1.0,0.0
3.1,302.0,41.5,0.9,0.0,13.5,0.0,12.825,2,0.0,0.0,1.0,1.0,0.0,0.0
2.28,518.5,232.8,1.0,3.1,41.9,54.7,39.805,3,0.0,1.0,0.0,1.0,0.0,0.0
36.77,128.6,407.7,6.5,17.5,34.3,645.4,0.1,2,1.0,0.0,0.0,0.0,0.0,1.0
3.2,310.6,302.6,1.8,9.8,20.2,412.8,5.7,2,0.0,1.0,0.0,1.0,0.0,0.0
13.02,210.8,609.0,19.8,19.5,47.5,1149.2,9.7,2,0.0,1.0,0.0,0.0,1.0,0.0
8.25,123.1,500.3,9.1,11.6,47.0,227.4,3.2,2,0.0,1.0,0.0,0.0,1.0,0.0
2.73,433.4,72.1,2.7,4.3,32.1,32.3,30.495,3,0.0,0.0,1.0,1.0,0.0,0.0
4.3,404.1,287.3,2.9,2.5,2.5,58.3,2.375,2,0.0,1.0,0.0,1.0,0.0,0.0
4.85,131.8,304.7,8.5,15.2,42.0,427.3,4.0,3,0.0,1.0,0.0,1.0,0.0,0.0
4.47,413.5,33.0,0.0,0.1,30.0,26.3,20.7,2,0.0,1.0,0.0,1.0,0.0,0.0
11.66,647.4,95.9,0.9,0.0,72.8,87.3,33.9,3,0.0,1.0,0.0,0.0,1.0,0.0
17.18,187.5,751.1,22.8,34.9,56.7,673.1,3.8,3,1.0,0.0,0.0,0.0,1.0,0.0
3.93,500.0,320.3,1.2,5.3,52.9,83.3,50.255,2,0.0,0.0,1.0,1.0,0.0,0.0
18.3,174.0,525.9,19.0,20.0,49.3,791.3,6.3,2,1.0,0.0,0.0,0.0,1.0,0.0
22.57,289.0,383.1,26.8,8.0,81.2,593.9,8.8,2,0.0,0.0,1.0,0.0,1.0,0.0
3.42,389.6,540.3,25.7,14.4,79.2,1068.6,3.5,2,1.0,0.0,0.0,1.0,0.0,0.0
48.08,184.5,472.4,15.3,8.2,43.2,860.5,4.2,1,1.0,0.0,0.0,0.0,0.0,1.0
7.45,366.7,521.5,34.3,8.1,60.5,416.1,6.4,2,1.0,0.0,0.0,1.0,0.0,0.0
2.08,427.2,172.6,3.2,2.3,56.2,25.8,39.5,1,0.0,1.0,0.0,1.0,0.0,0.0
42.97,268.6,268.0,2.8,0.0,9.6,290.6,9.12,3,0.0,0.0,1.0,0.0,0.0,1.0
14.37,223.9,513.7,28.3,11.3,43.1,670.7,9.9,2,1.0,0.0,0.0,0.0,1.0,0.0
5.04,93.6,442.5,8.1,32.9,58.9,148.1,38.8,3,0.0,1.0,0.0,1.0,0.0,0.0
7.87,190.0,230.4,16.0,4.1,23.2,736.4,8.7,3,0.0,1.0,0.0,1.0,0.0,0.0
16.35,351.7,379.6,8.3,18.1,6.2,415.1,5.89,3,1.0,0.0,0.0,0.0,1.0,0.0
9.91,154.8,292.6,0.9,21.7,86.7,225.9,38.7,3,0.0,1.0,0.0,0.0,1.0,0.0
6.07,292.9,607.3,23.8,32.6,28.2,791.8,12.5,3,1.0,0.0,0.0,1.0,0.0,0.0
38.51,149.0,502.9,0.0,26.5,75.9,101.4,50.6,3,0.0,0.0,1.0,0.0,0.0,1.0
4.65,166.9,230.5,3.8,16.4,55.4,219.8,31.4,2,0.0,1.0,0.0,1.0,0.0,0.0
9.65,173.9,301.0,17.6,20.4,23.0,703.7,7.2,3,1.0,0.0,0.0,0.0,1.0,0.0
2.01,208.3,197.4,3.0,2.1,41.8,66.5,39.7,2,0.0,1.0,0.0,1.0,0.0,0.0
5.09,286.3,414.7,9.5,8.3,20.2,472.2,12.2,2,0.0,0.0,1.0,1.0,0.0,0.0
4.01,138.0,280.6,4.0,19.5,11.5,227.8,5.1,3,0.0,1.0,0.0,1.0,0.0,0.0
1.81,333.9,226.0,7.1,0.5,47.8,29.2,41.0,2,0.0,1.0,0.0,1.0,0.0,0.0
14.37,159.0,176.1,4.0,17.2,25.8,219.9,3.2,2,0.0,1.0,0.0,0.0,0.0,1.0
5.99,297.9,635.0,17.9,2.8,69.2,662.1,6.9,2,0.0,1.0,0.0,1.0,0.0,0.0
12.34,190.2,562.7,34.5,24.9,51.9,883.7,6.9,2,0.0,1.0,0.0,0.0,1.0,0.0
4.24,437.0,222.1,8.2,6.6,59.7,65.6,55.3,1,0.0,1.0,0.0,1.0,0.0,0.0
8.08,449.1,253.2,3.3,0.1,38.0,25.4,36.1,3,0.0,1.0,0.0,0.0,1.0,0.0
12.98,210.6,474.8,27.0,3.9,42.0,981.1,12.0,1,0.0,0.0,1.0,0.0,1.0,0.0
8.81,171.9,212.7,9.5,8.6,40.7,538.0,3.6,3,0.0,1.0,0.0,0.0,1.0,0.0
11.59,149.9,245.6,17.4,13.3,42.4,631.9,10.4,3,1.0,0.0,0.0,0.0,1.0,0.0
8.56,379.5,659.5,7.2,3.8,90.9,762.1,6.3,2,1.0,0.0,0.0,1.0,0.0,0.0
6.49,301.6,338.0,0.0,10.2,21.1,183.8,8.5,2,0.0,1.0,0.0,1.0,0.0,0.0
30.17,149.3,201.0,8.2,10.5,25.4,231.3,2.1,2,0.0,0.0,1.0,0.0,0.0,1.0
18.24,307.5,568.5,22.0,15.8,74.3,1128.1,6.9,3,0.0,1.0,0.0,0.0,1.0,0.0
17.81,247.1,714.6,26.9,20.5,33.6,809.1,5.4,3,1.0,0.0,0.0,0.0,1.0,0.0
5.35,592.9,158.5,0.0,3.5,37.2,59.3,35.34,2,0.0,1.0,0.0,1.0,0.0,0.0
6.25,135.2,331.8,6.0,24.1,61.0,313.5,39.2,1,0.0,1.0,0.0,0.0,1.0,0.0
12.03,318.5,624.7,12.4,17.3,68.4,598.9,7.6,3,0.0,1.0,0.0,0.0,1.0,0.0
7.23,181.5,525.9,27.0,21.2,50.2,516.4,7.6,2,1.0,0.0,0.0,1.0,0.0,0.0
28.42,356.8,224.6,21.3,8.5,16.0,637.7,5.0,1,0.0,0.0,1.0,0.0,0.0,1.0
3.13,266.8,477.5,25.8,8.6,81.9,859.6,6.8,2,0.0,1.0,0.0,1.0,0.0,0.0
27.42,148.8,233.2,5.9,8.2,33.8,599.3,5.8,2,0.0,1.0,0.0,0.0,0.0,1.0
10.51,160.3,296.3,1.2,14.7,51.6,406.6,49.02,2,0.0,1.0,0.0,0.0,1.0,0.0
2.62,188.1,498.1,20.0,27.9,43.1,731.5,11.8,3,1.0,0.0,0.0,1.0,0.0,0.0
15.06,180.7,405.1,16.0,20.4,21.7,602.6,3.8,3,0.0,1.0,0.0,0.0,1.0,0.0
4.03,192.6,343.2,21.3,16.0,43.2,869.0,6.4,2,1.0,0.0,0.0,1.0,0.0,0.0
4.02,476.7,303.3,1.2,0.5,60.4,0.0,57.38,2,0.0,1.0,0.0,1.0,0.0,0.0
5.04,246.0,382.7,14.9,21.2,62.9,980.7,7.6,2,0.0,1.0,0.0,1.0,0.0,0.0
4.11,374.2,395.9,13.4,13.2,71.1,840.1,4.7,2,1.0,0.0,0.0,1.0,0.0,0.0
13.48,210.2,275.3,11.7,18.9,25.6,122.6,5.7,2,1.0,0.0,0.0,0.0,1.0,0.0
26.03,530.8,18.2,0.0,1.7,31.6,14.9,30.02,2,0.0,1.0,0.0,0.0,0.0,1.0
11.76,154.3,574.0,3.7,15.4,79.6,249.0,34.7,1,0.0,1.0,0.0,0.0,1.0,0.0
4.48,144.0,345.4,9.5,10.0,33.5,799.3,5.6,3,0.0,1.0,0.0,1.0,0.0,0.0
2.71,191.3,599.1,25.4,37.1,53.5,673.9,7.7,2,1.0,0.0,0.0,1.0,0.0,0.0
20.75,175.5,682.6,27.1,24.9,45.6,844.1,10.9,2,1.0,0.0,0.0,0.0,1.0,0.0
5.1,513.9,283.8,1.4,1.0,0.0,0.0,0.0,2,0.0,1.0,0.0,1.0,0.0,0.0
5.6,252.2,653.5,34.6,26.1,42.8,792.6,14.7,3,1.0,0.0,0.0,1.0,0.0,0.0
17.37,105.8,438.7,6.7,24.4,49.0,396.3,46.55,2,0.0,1.0,0.0,0.0,0.0,1.0
8.69,216.1,640.5,12.0,31.3,42.5,874.9,6.2,2,1.0,0.0,0.0,1.0,0.0,0.0
8.06,164.7,196.8,13.7,7.2,35.8,748.1,7.8,3,1.0,0.0,0.0,0.0,1.0,0.0
19.86,336.7,788.7,28.0,13.8,88.2,846.4,6.7,2,1.0,0.0,0.0,0.0,1.0,0.0
16.98,263.3,292.6,0.0,10.9,30.1,262.1,7.7,2,0.0,1.0,0.0,0.0,1.0,0.0
8.37,284.2,504.5,28.9,17.4,72.3,676.4,7.7,3,1.0,0.0,0.0,1.0,0.0,0.0
5.25,134.9,363.5,6.5,14.2,36.7,298.5,4.9,3,0.0,1.0,0.0,1.0,0.0,0.0
4.24,235.0,594.5,21.5,18.5,66.9,1034.7,4.2,3,1.0,0.0,0.0,1.0,0.0,0.0
13.95,524.4,304.2,4.3,1.2,25.8,33.0,24.51,2,0.0,1.0,0.0,0.0,0.0,1.0
18.61,271.9,448.6,19.4,16.1,26.5,775.5,10.9,2,1.0,0.0,0.0,0.0,1.0,0.0
2.92,332.2,215.3,2.7,0.0,59.4,59.6,28.7,2,0.0,1.0,0.0,1.0,0.0,0.0
8.93,262.6,622.6,37.4,45.6,55.3,1159.7,10.6,1,1.0,0.0,0.0,1.0,0.0,0.0
8.11,126.9,158.0,8.7,8.2,35.5,961.1,1.9,1,1.0,0.0,0.0,1.0,0.0,0.0
49.82,173.1,407.4,13.0,17.7,31.8,552.9,8.2,1,1.0,0.0,0.0,0.0,0.0,1.0
9.41,149.2,162.0,5.6,3.2,33.6,36.1,6.9,3,0.0,0.0,1.0,1.0,0.0,0.0
4.32,214.7,532.1,24.8,24.5,49.2,641.5,8.8,3,0.0,0.0,1.0,1.0,0.0,0.0
6.41,342.8,15.2,3.7,2.6,45.8,72.8,43.51,2,0.0,1.0,0.0,0.0,1.0,0.0
14.2,216.6,608.2,22.6,28.5,49.6,953.4,12.2,2,0.0,1.0,0.0,0.0,1.0,0.0
11.47,328.8,83.6,0.1,0.8,44.9,58.4,23.0,1,0.0,1.0,0.0,0.0,1.0,0.0
14.91,295.3,237.2,0.0,13.0,22.2,383.4,0.0,1,1.0,0.0,0.0,0.0,1.0,0.0
6.69,253.9,450.0,21.6,25.1,30.0,639.4,6.3,3,0.0,0.0,1.0,1.0,0.0,0.0
15.71,195.2,654.6,20.0,25.7,29.8,1383.6,9.9,2,1.0,0.0,0.0,0.0,0.0,1.0
6.41,262.3,238.2,0.0,11.4,12.6,580.9,6.6,2,0.0,1.0,0.0,1.0,0.0,0.0
7.04,121.3,188.3,7.9,11.8,38.8,586.5,2.2,2,0.0,1.0,0.0,1.0,0.0,0.0
4.6,148.9,364.0,0.0,12.0,35.6,107.1,33.82,1,0.0,1.0,0.0,1.0,0.0,0.0
6.15,175.3,254.9,22.1,22.5,43.8,715.5,12.5,3,0.0,0.0,1.0,1.0,0.0,0.0
14.98,221.1,678.3,26.5,29.5,47.0,963.5,7.8,2,1.0,0.0,0.0,0.0,1.0,0.0
2.79,437.7,5.0,3.3,1.0,67.8,54.5,36.9,2,0.0,1.0,0.0,1.0,0.0,0.0
5.12,281.4,5.0,2.6,4.8,45.5,64.1,43.225,2,0.0,1.0,0.0,1.0,0.0,0.0
3.83,266.4,722.7,26.6,14.3,52.4,720.1,4.0,3,1.0,0.0,0.0,1.0,0.0,0.0
8.72,169.4,220.9,11.6,11.7,38.0,709.2,5.3,2,0.0,1.0,0.0,1.0,0.0,0.0
6.29,193.1,569.9,14.2,35.7,43.8,1114.5,5.6,2,1.0,0.0,0.0,1.0,0.0,0.0
4.49,125.1,269.4,2.7,20.4,73.2,317.9,32.1,2,0.0,1.0,0.0,1.0,0.0,0.0
13.58,138.3,418.5,10.5,19.4,46.2,114.6,41.4,2,1.0,0.0,0.0,0.0,1.0,0.0
12.17,431.9,281.0,2.6,2.7,59.1,17.2,31.4,3,0.0,1.0,0.0,0.0,1.0,0.0
4.08,271.6,394.9,23.2,28.0,68.4,656.3,10.9,1,0.0,1.0,0.0,1.0,0.0,0.0
6.9,246.5,279.8,3.1,6.6,20.8,998.2,9.8,3,1.0,0.0,0.0,1.0,0.0,0.0
3.48,186.4,376.6,15.7,5.9,47.5,737.6,4.1,2,1.0,0.0,0.0,1.0,0.0,0.0
15.29,89.1,448.0,3.5,24.2,59.9,177.7,52.9,3,0.0,1.0,0.0,0.0,1.0,0.0
10.65,534.8,295.2,0.0,1.5,39.4,56.0,37.43,2,0.0,0.0,1.0,0.0,1.0,0.0
9.15,192.2,227.0,6.4,12.8,49.4,942.5,8.3,3,0.0,1.0,0.0,1.0,0.0,0.0
1.81,329.6,176.7,2.1,1.4,9.8,65.0,9.31,2,0.0,0.0,1.0,1.0,0.0,0.0
13.23,96.5,769.2,8.0,26.5,59.6,278.3,48.2,2,1.0,0.0,0.0,0.0,1.0,0.0
15.57,223.7,714.1,14.9,18.3,41.7,804.9,7.0,2,1.0,0.0,0.0,0.0,1.0,0.0
8.17,146.2,309.9,8.8,16.4,40.2,731.6,6.3,3,0.0,0.0,1.0,1.0,0.0,0.0
10.81,150.0,295.4,2.7,17.4,32.7,317.6,4.3,2,0.0,1.0,0.0,0.0,1.0,0.0
4.5,289.3,266.0,2.9,5.9,5.9,774.8,5.605,1,0.0,1.0,0.0,1.0,0.0,0.0
4.15,139.0,399.2,0.0,6.6,65.9,157.3,58.6,2,0.0,1.0,0.0,1.0,0.0,0.0
27.88,161.6,153.6,0.0,4.2,39.5,451.7,7.0,2,0.0,0.0,1.0,0.0,0.0,1.0
6.35,129.1,351.3,10.2,11.8,38.9,472.2,8.3,1,0.0,1.0,0.0,1.0,0.0,0.0
7.83,291.6,167.9,28.1,16.3,17.3,714.0,11.6,2,1.0,0.0,0.0,1.0,0.0,0.0
7.95,205.4,418.5,34.7,22.8,32.7,758.8,8.7,2,0.0,1.0,0.0,1.0,0.0,0.0
7.73,412.5,391.6,0.0,15.0,22.6,797.3,6.1,3,0.0,1.0,0.0,0.0,1.0,0.0
4.04,546.6,393.8,0.0,0.2,1.7,5.6,1.615,3,0.0,1.0,0.0,1.0,0.0,0.0
4.74,352.6,497.7,16.8,9.5,42.4,729.7,3.9,3,0.0,0.0,1.0,1.0,0.0,0.0
6.87,164.1,295.0,15.6,16.7,36.6,888.5,6.6,2,1.0,0.0,0.0,1.0,0.0,0.0
7.47,367.5,150.7,4.6,11.7,18.3,0.0,5.5,1,0.0,1.0,0.0,1.0,0.0,0.0
9.35,140.6,251.4,6.6,18.1,43.6,586.8,2.2,2,1.0,0.0,0.0,0.0,1.0,0.0
9.68,211.2,686.4,19.8,23.5,53.5,991.1,6.1,1,1.0,0.0,0.0,0.0,1.0,0.0
11.92,113.4,334.9,0.0,21.1,44.0,537.3,2.0,2,0.0,1.0,0.0,0.0,1.0,0.0
14.62,111.0,315.5,8.2,22.4,58.8,186.1,55.85999999999999,2,0.0,1.0,0.0,0.0,1.0,0.0
14.31,214.3,274.5,1.9,26.2,19.1,405.0,5.1,3,1.0,0.0,0.0,0.0,1.0,0.0
2.76,316.9,201.8,18.1,11.4,60.5,841.0,6.5,3,0.0,1.0,0.0,1.0,0.0,0.0
1.47,311.4,71.4,3.0,4.1,24.9,45.1,23.655,3,0.0,1.0,0.0,1.0,0.0,0.0
2.26,131.2,458.3,0.4,12.5,26.2,233.5,2.6,2,0.0,0.0,1.0,1.0,0.0,0.0
5.57,89.6,207.7,0.0,27.2,50.9,235.1,5.2,2,0.0,1.0,0.0,1.0,0.0,0.0
6.01,141.1,189.3,5.8,9.9,54.1,531.7,5.9,1,0.0,0.0,1.0,1.0,0.0,0.0
2.11,81.7,308.7,1.9,2.6,22.5,468.8,0.0,1,0.0,1.0,0.0,1.0,0.0,0.0
2.72,193.8,544.1,9.1,24.2,50.1,742.9,14.6,2,0.0,1.0,0.0,1.0,0.0,0.0
36.4,287.1,244.3,9.4,15.6,23.6,400.9,11.0,3,0.0,1.0,0.0,0.0,0.0,1.0
5.95,234.9,250.5,18.7,20.7,19.4,475.5,2.4,2,1.0,0.0,0.0,1.0,0.0,0.0
5.15,281.5,5.0,1.0,1.9,38.8,29.4,36.85999999999999,2,0.0,0.0,1.0,1.0,0.0,0.0
3.27,377.8,612.3,32.4,10.1,65.1,609.3,7.9,2,0.0,1.0,0.0,1.0,0.0,0.0
14.53,167.0,308.2,17.4,10.0,45.9,614.4,4.4,2,1.0,0.0,0.0,0.0,1.0,0.0
2.27,251.8,559.3,0.2,23.5,57.2,461.9,5.8,2,1.0,0.0,0.0,1.0,0.0,0.0
4.04,378.4,378.3,8.3,17.8,36.3,467.3,5.7,2,0.0,1.0,0.0,1.0,0.0,0.0
18.99,244.2,423.3,12.9,23.5,52.2,744.0,3.4,2,0.0,1.0,0.0,0.0,0.0,1.0
4.47,292.9,88.1,17.3,15.2,6.2,423.1,5.89,1,0.0,1.0,0.0,1.0,0.0,0.0
13.58,297.8,480.8,28.0,43.6,43.9,910.9,11.6,2,1.0,0.0,0.0,0.0,1.0,0.0
17.01,152.9,509.7,20.5,31.4,57.5,1020.6,3.4,1,1.0,0.0,0.0,0.0,1.0,0.0
4.47,158.9,129.5,4.7,5.8,35.2,388.8,5.2,2,0.0,0.0,1.0,1.0,0.0,0.0
8.79,242.6,406.8,4.3,7.5,27.8,364.9,11.0,2,0.0,0.0,1.0,0.0,1.0,0.0
7.71,245.8,488.5,30.9,27.0,69.9,1190.3,9.9,1,1.0,0.0,0.0,1.0,0.0,0.0
7.02,326.8,99.1,5.4,12.9,11.2,343.8,10.64,2,0.0,1.0,0.0,1.0,0.0,0.0
3.52,518.7,113.4,0.3,1.2,58.0,0.0,32.3,2,0.0,0.0,1.0,1.0,0.0,0.0
2.51,487.7,188.7,5.8,1.2,0.0,39.2,0.0,2,0.0,1.0,0.0,1.0,0.0,0.0
2.89,140.5,250.4,1.7,4.9,37.7,461.8,4.9,3,0.0,0.0,1.0,1.0,0.0,0.0
5.84,224.0,614.7,25.0,16.1,42.3,942.3,7.6,2,1.0,0.0,0.0,1.0,0.0,0.0
4.71,328.1,278.6,3.8,9.0,4.4,133.9,4.18,3,0.0,0.0,1.0,1.0,0.0,0.0
6.19,268.4,291.4,5.2,19.9,14.8,819.1,10.5,3,1.0,0.0,0.0,1.0,0.0,0.0
5.87,108.8,347.7,14.9,11.5,30.8,745.7,7.2,3,1.0,0.0,0.0,1.0,0.0,0.0
16.02,148.7,304.0,14.6,5.3,18.8,571.1,6.0,1,1.0,0.0,0.0,0.0,1.0,0.0
6.19,190.7,296.3,9.4,13.3,45.6,798.7,7.5,3,0.0,1.0,0.0,1.0,0.0,0.0
2.44,139.1,309.8,6.1,6.9,46.2,244.9,2.0,3,0.0,1.0,0.0,1.0,0.0,0.0
13.15,241.6,686.6,6.9,20.3,65.5,862.5,12.4,2,0.0,0.0,1.0,0.0,1.0,0.0
1.49,332.6,174.4,1.2,7.3,58.3,35.6,23.7,2,0.0,0.0,1.0,1.0,0.0,0.0
5.28,256.8,636.6,22.8,34.0,52.2,742.8,7.2,3,1.0,0.0,0.0,1.0,0.0,0.0
3.41,113.8,448.2,5.0,9.8,80.8,318.5,46.4,3,0.0,1.0,0.0,1.0,0.0,0.0
10.06,293.4,96.2,5.1,5.3,32.3,40.2,13.3,2,0.0,1.0,0.0,0.0,1.0,0.0
33.22,151.2,255.7,9.6,12.3,30.6,332.2,4.2,2,0.0,0.0,1.0,0.0,0.0,1.0
4.71,186.3,357.2,6.1,23.6,49.0,195.4,4.7,2,0.0,1.0,0.0,1.0,0.0,0.0
2.93,356.6,658.8,22.4,32.1,56.9,1126.0,7.5,2,1.0,0.0,0.0,1.0,0.0,0.0
8.26,231.5,724.0,31.9,23.8,45.5,1248.1,12.3,2,1.0,0.0,0.0,0.0,1.0,0.0
13.48,501.5,88.6,3.9,5.5,33.9,43.8,14.1,2,0.0,0.0,1.0,0.0,0.0,1.0
4.61,183.2,542.9,0.0,20.4,49.9,163.6,39.7,1,1.0,0.0,0.0,1.0,0.0,0.0
5.22,135.9,354.2,6.8,10.3,67.0,270.4,41.8,2,0.0,1.0,0.0,1.0,0.0,0.0
2.08,125.8,288.9,5.2,8.8,45.0,429.4,3.1,2,0.0,1.0,0.0,1.0,0.0,0.0
8.35,304.5,5.0,1.7,1.4,7.6,0.3,7.22,3,0.0,0.0,1.0,0.0,1.0,0.0
14.54,138.4,188.1,5.5,8.4,47.2,607.1,5.0,2,0.0,1.0,0.0,0.0,1.0,0.0
15.36,216.5,619.0,25.3,34.3,51.1,843.4,1.3,2,1.0,0.0,0.0,0.0,1.0,0.0
2.09,74.4,148.2,0.0,12.9,15.3,256.3,3.5,3,0.0,1.0,0.0,1.0,0.0,0.0
5.48,212.0,454.6,23.1,12.9,59.1,676.6,12.6,2,1.0,0.0,0.0,1.0,0.0,0.0
4.36,219.1,301.3,1.1,1.8,20.8,0.0,19.76,1,0.0,0.0,1.0,1.0,0.0,0.0
21.61,373.0,393.7,21.3,13.5,82.4,805.1,0.0,2,1.0,0.0,0.0,0.0,1.0,0.0
7.81,115.2,376.0,11.0,12.3,59.8,411.1,9.9,2,0.0,0.0,1.0,1.0,0.0,0.0
9.44,297.6,282.2,0.0,3.0,39.8,6.9,0.0,2,0.0,1.0,0.0,0.0,1.0,0.0
2.17,262.7,365.1,12.4,7.3,7.7,511.4,4.6,1,0.0,1.0,0.0,1.0,0.0,0.0
8.15,104.6,291.2,4.3,17.7,64.8,197.5,47.4,3,0.0,0.0,1.0,0.0,1.0,0.0
5.79,474.5,184.8,0.2,4.8,47.2,107.7,44.84,1,0.0,1.0,0.0,0.0,1.0,0.0
3.54,115.3,229.7,3.9,7.2,32.8,644.2,3.9,2,0.0,0.0,1.0,1.0,0.0,0.0
6.71,180.0,311.8,13.9,11.2,45.5,871.2,4.3,3,1.0,0.0,0.0,1.0,0.0,0.0
1.63,353.8,153.8,3.2,0.6,78.7,0.0,11.9,2,0.0,1.0,0.0,1.0,0.0,0.0
7.15,222.8,564.8,21.4,8.1,56.8,1036.0,9.6,2,1.0,0.0,0.0,1.0,0.0,0.0
8.46,104.4,578.1,16.7,32.8,60.7,1032.0,5.6,1,1.0,0.0,0.0,1.0,0.0,0.0
14.05,275.6,516.1,27.3,15.3,39.9,687.4,4.8,2,1.0,0.0,0.0,0.0,0.0,1.0
26.99,125.5,409.7,1.3,24.0,47.5,135.0,45.125,3,0.0,1.0,0.0,0.0,0.0,1.0
7.37,336.7,455.2,16.1,19.6,57.8,118.7,1.4,2,0.0,0.0,1.0,1.0,0.0,0.0
4.61,284.4,440.0,23.6,33.5,57.0,593.2,9.9,2,0.0,1.0,0.0,1.0,0.0,0.0
13.12,173.3,336.4,9.9,9.9,38.7,830.9,6.3,3,0.0,1.0,0.0,0.0,1.0,0.0
7.84,391.6,355.4,1.8,2.6,27.2,36.8,25.84,2,0.0,1.0,0.0,0.0,1.0,0.0
7.51,81.1,463.8,8.6,14.3,40.6,427.5,3.1,3,0.0,1.0,0.0,0.0,1.0,0.0
6.18,78.2,251.3,0.0,19.6,30.4,607.2,3.0,3,0.0,1.0,0.0,0.0,1.0,0.0
9.3,362.0,502.6,32.0,11.5,92.7,794.6,4.8,3,0.0,1.0,0.0,1.0,0.0,0.0
16.88,176.6,470.8,24.8,20.7,49.9,851.7,7.9,2,1.0,0.0,0.0,0.0,0.0,1.0
6.21,348.6,123.7,10.5,13.9,33.6,431.5,8.7,2,1.0,0.0,0.0,1.0,0.0,0.0
3.17,382.3,483.0,25.4,11.9,87.6,1063.0,6.3,3,1.0,0.0,0.0,1.0,0.0,0.0
5.96,128.2,465.9,3.4,11.5,63.2,178.6,35.5,3,0.0,1.0,0.0,1.0,0.0,0.0
6.84,145.5,510.6,2.9,28.1,70.6,312.7,44.8,3,1.0,0.0,0.0,1.0,0.0,0.0
16.48,154.4,230.0,5.9,9.8,19.8,621.2,7.7,2,0.0,1.0,0.0,0.0,1.0,0.0
10.15,129.2,539.9,0.0,13.6,67.4,362.8,36.1,2,0.0,1.0,0.0,0.0,1.0,0.0
2.5,155.6,576.6,33.4,30.7,37.6,537.4,8.0,2,1.0,0.0,0.0,1.0,0.0,0.0
4.61,289.1,470.7,21.7,42.2,63.9,721.8,6.3,2,1.0,0.0,0.0,1.0,0.0,0.0
7.31,366.4,121.2,4.8,4.1,38.4,30.9,36.48,2,0.0,1.0,0.0,0.0,1.0,0.0
7.14,404.4,57.3,0.6,2.5,32.2,59.2,26.3,1,0.0,0.0,1.0,0.0,1.0,0.0
7.79,258.9,598.5,25.6,13.2,58.0,771.4,4.0,3,1.0,0.0,0.0,1.0,0.0,0.0
6.79,156.9,360.9,5.5,21.9,84.0,213.5,28.3,2,0.0,1.0,0.0,0.0,1.0,0.0
19.42,162.4,492.0,26.9,16.3,71.0,734.2,5.5,2,1.0,0.0,0.0,0.0,1.0,0.0
5.56,50.0,452.0,0.5,27.6,61.8,153.9,56.5,2,1.0,0.0,0.0,1.0,0.0,0.0
33.38,136.9,213.0,6.7,18.4,37.6,464.8,6.6,2,0.0,1.0,0.0,0.0,0.0,1.0
4.27,562.3,64.5,0.0,0.0,35.9,58.1,34.105,1,0.0,1.0,0.0,1.0,0.0,0.0
20.27,190.9,402.3,16.5,5.2,39.0,476.8,4.7,2,0.0,1.0,0.0,0.0,0.0,1.0
8.99,127.7,340.3,5.3,8.9,21.0,757.9,4.8,2,0.0,1.0,0.0,1.0,0.0,0.0
6.42,276.9,625.1,10.4,33.8,29.4,1285.7,7.0,2,1.0,0.0,0.0,1.0,0.0,0.0
13.16,259.6,350.0,11.5,17.5,4.9,511.1,4.655,1,1.0,0.0,0.0,0.0,1.0,0.0
2.77,66.4,90.6,3.7,7.4,38.4,320.9,6.1,2,0.0,1.0,0.0,1.0,0.0,0.0
4.63,217.8,724.5,20.6,25.8,48.4,909.5,10.0,2,1.0,0.0,0.0,1.0,0.0,0.0
1.69,141.8,147.1,7.8,13.5,50.8,626.8,2.7,3,0.0,0.0,1.0,1.0,0.0,0.0
13.84,169.3,344.7,7.5,20.6,43.6,728.6,7.3,3,0.0,1.0,0.0,0.0,1.0,0.0
17.23,219.0,597.8,26.7,24.3,46.6,1150.1,6.1,2,1.0,0.0,0.0,0.0,1.0,0.0
2.29,144.1,202.7,3.5,11.3,30.5,354.7,0.0,3,0.0,1.0,0.0,1.0,0.0,0.0
3.92,114.3,434.9,1.9,3.7,48.3,422.6,3.4,2,1.0,0.0,0.0,1.0,0.0,0.0
2.47,228.3,644.4,21.0,21.5,68.2,209.1,7.9,2,0.0,1.0,0.0,1.0,0.0,0.0
4.18,150.4,309.0,20.6,9.8,53.3,706.0,3.5,3,0.0,1.0,0.0,1.0,0.0,0.0
5.41,517.9,5.0,3.5,0.0,28.9,45.3,27.455,2,0.0,1.0,0.0,1.0,0.0,0.0
5.75,119.7,333.2,10.4,12.4,34.5,729.6,5.1,2,1.0,0.0,0.0,1.0,0.0,0.0
7.51,214.9,391.0,0.0,12.3,23.1,658.2,6.2,2,1.0,0.0,0.0,1.0,0.0,0.0
2.22,441.7,6.9,0.0,0.0,26.4,63.3,25.08,3,0.0,0.0,1.0,1.0,0.0,0.0
19.77,210.7,497.8,19.1,26.8,55.3,1084.8,4.6,2,0.0,0.0,1.0,0.0,1.0,0.0
15.08,255.0,446.8,12.7,13.4,16.1,642.8,9.5,3,1.0,0.0,0.0,0.0,1.0,0.0
39.72,385.2,448.3,17.7,14.0,75.6,782.7,6.2,3,0.0,1.0,0.0,0.0,0.0,1.0
4.97,170.5,311.0,3.6,15.3,43.3,476.6,1.2,3,0.0,1.0,0.0,1.0,0.0,0.0
5.48,135.1,353.2,7.2,22.7,59.5,322.6,56.2,2,0.0,1.0,0.0,1.0,0.0,0.0
7.76,121.9,292.2,4.9,12.2,72.1,221.7,26.4,2,0.0,1.0,0.0,0.0,1.0,0.0
4.06,417.4,411.3,1.5,0.8,0.6,52.0,0.57,3,0.0,1.0,0.0,1.0,0.0,0.0
15.94,272.0,737.0,34.8,19.8,60.7,805.3,10.1,3,1.0,0.0,0.0,0.0,1.0,0.0
